time,vel,alt
1,2.00000000,3
4,5.00000000,6
